{"stats":{"minecraft:dropped":{"minecraft:leather":1,"minecraft:wheat_seeds":1,"minecraft:porkchop":3,"minecraft:beef":3},"minecraft:mined":{"minecraft:grass":7},"minecraft:killed":{"minecraft:pig":1,"minecraft:cow":1},"minecraft:custom":{"minecraft:jump":40,"minecraft:time_since_rest":780,"minecraft:damage_dealt":200,"minecraft:leave_game":1,"minecraft:sprint_one_cm":3491,"minecraft:play_time":780,"minecraft:time_since_death":780,"minecraft:walk_one_cm":1452,"minecraft:total_world_time":780,"minecraft:mob_kills":2,"minecraft:drop":4,"minecraft:fall_one_cm":836,"minecraft:fly_one_cm":4555},"minecraft:picked_up":{"minecraft:porkchop":3,"minecraft:leather":1,"minecraft:wheat_seeds":1,"minecraft:beef":3}},"DataVersion":2975}